split,domain,sample_count,total_pixel_count,valid_pixel_count,black_pixel_count,black_pixel_ratio,images_with_black
Train,Urban,975,1022361600,1020093070,2268530,0.0022189116,50
Train,Rural,1235,1294991360,1293158887,1832473,0.0014150465,264
Val,Urban,593,621805568,620682151,1123417,0.0018067014,21
Val,Rural,936,981467136,980729416,737720,0.0007516502,586
Test,Urban,734,769654784,768596783,1058001,0.0013746436,39
Test,Rural,909,953155584,952299954,855630,0.0008976814,16
