class_id,class_name,pixel_ratio,median_frequency_weight,inverse_sqrt_frequency_weight
1,background,0.36749638,0.32198142,1.64958031
2,building,0.11832701,1.0,2.90708719
3,road,0.05575285,2.12234906,4.23512724
4,water,0.06191798,1.91102833,4.01875582
5,barren,0.05395076,2.19324074,4.30527809
6,forest,0.15453716,0.76568645,2.54380337
7,agriculture,0.18801786,0.6293392,2.30621849
