channel,train_mean,train_std
R,77.101179,39.930312
G,82.905089,34.184394
B,78.997382,32.877234
